customer_id,first_name,last_name,full_name,gender
1102,Jillian,Robinson,Jillian Robinson,female
1435,Amanda,Farley,Amanda Farley,female
1860,Aaron,Smith,Aaron Smith,male
1270,Donald,Salazar,Donald Salazar,male
1106,Dorothy,Chavez,Dorothy Chavez,female
1071,Ashley,Perez,Ashley Perez,female
1700,Susan,Marshall,Susan Marshall,female
1020,Gary,Payne,Gary Payne,male
1614,Amanda,Haas,Amanda Haas,female
1121,Lisa,Jones,Lisa Jones,female
1466,Kimberly,Mclean,Kimberly Mclean,female
1214,Brittany,Roberts,Brittany Roberts,female
1330,Cynthia,West,Cynthia West,female
1458,Stacy,Maxwell,Stacy Maxwell,female
1087,Jeffrey,Johnson,Jeffrey Johnson,male
1372,David,Rodriguez,David Rodriguez,male
1099,Grant,Chan,Grant Chan,male
1871,Jennifer,Sanchez,Jennifer Sanchez,female
1663,Brandon,Bennett,Brandon Bennett,male
1130,Sandra,Evans,Sandra Evans,female
1661,Sean,Stephens,Sean Stephens,male
1308,Stacey,Thomas,Stacey Thomas,female
1769,Brian,Payne,Brian Payne,male
1343,Colton,Moore,Colton Moore,male
1491,Shannon,Hoffman,Shannon Hoffman,male
1413,Melanie,Valentine,Melanie Valentine,female
1805,April,Adams,April Adams,female
1385,Jason,Christensen,Jason Christensen,male
1191,Joseph,Hansen,Joseph Hansen,male
1955,Sandra,Mack,Sandra Mack,female
1276,Scott,Johnson,Scott Johnson,male
1160,Julie,Foster,Julie Foster,female
1459,Scott,Travis,Scott Travis,male
1313,Craig,Phillips,Craig Phillips,male
1021,Kevin,Yang,Kevin Yang,male
1252,Jesus,Ramirez,Jesus Ramirez,male
1747,Samantha,Anderson,Samantha Anderson,female
1856,Duane,Huffman,Duane Huffman,male
1560,Katrina,Mccarty,Katrina Mccarty,female
1474,Karen,Tran,Karen Tran,female
1058,Elizabeth,Mcintosh,Elizabeth Mcintosh,female
1510,Michael,Parker,Michael Parker,male
1681,John,Davenport,John Davenport,male
1475,Randall,Massey,Randall Massey,male
1699,Theresa,Rose,Theresa Rose,female
1975,Heather,Newton,Heather Newton,female
1782,Joseph,Hansen,Joseph Hansen,male
1189,Candace,Levy,Candace Levy,female
1957,Todd,Sellers,Todd Sellers,male
1686,Robin,Leach,Robin Leach,female
1562,Chase,Tate,Chase Tate,male
1875,Sandra,Wolfe,Sandra Wolfe,female
1566,Hannah,Barry,Hannah Barry,female
1243,Kevin,Young,Kevin Young,male
1831,Michael,Brown,Michael Brown,male
1504,David,Stevens,David Stevens,male
1484,James,Gonzales,James Gonzales,male
1818,Aaron,Lynch,Aaron Lynch,male
1646,Molly,Hernandez,Molly Hernandez,female
1840,Patricia,Blackwell,Patricia Blackwell,female
1166,Michael,Patrick,Michael Patrick,male
1273,Scott,Hall,Scott Hall,male
1387,Christine,Palmer,Christine Palmer,female
1600,Michael,Stone,Michael Stone,male
1315,Kayla,Shelton,Kayla Shelton,female
1013,Joan,Bradley,Joan Bradley,female
1241,Gloria,Cox,Gloria Cox,female
1776,Julie,Hicks,Julie Hicks,female
1345,Phyllis,Smith,Phyllis Smith,female
1564,Lisa,Sweeney,Lisa Sweeney,female
1897,Joshua,Humphrey,Joshua Humphrey,male
1339,Patrick,Brown,Patrick Brown,male
1091,Carl,Thompson,Carl Thompson,male
1366,Micheal,King,Micheal King,male
1454,Megan,Eaton,Megan Eaton,female
1427,Terry,Curry,Terry Curry,female
1508,Nicholas,Summers,Nicholas Summers,male
1775,Elizabeth,Salinas,Elizabeth Salinas,female
1942,Nathan,Johnson,Nathan Johnson,male
1034,Nancy,Phillips,Nancy Phillips,female
1205,Todd,Church,Todd Church,male
1080,Brenda,Mcdaniel,Brenda Mcdaniel,female
1931,Jimmy,Salazar,Jimmy Salazar,male
1561,Nicholas,Stone,Nicholas Stone,male
1001,David,Rodriguez,David Rodriguez,male
1389,David,Rowe,David Rowe,male
1565,Allison,Henry,Allison Henry,female
1105,Brandy,Hudson,Brandy Hudson,female
1771,Cameron,Murray,Cameron Murray,male
1821,Jeffrey,Chavez,Jeffrey Chavez,male
1476,Christine,Evans,Christine Evans,female
1702,Karen,Robertson,Karen Robertson,female
1401,Danielle,Russell,Danielle Russell,female
1729,Brooke,Little,Brooke Little,female
1555,Alicia,Pollard,Alicia Pollard,female
1161,Norma,Webster,Norma Webster,female
1201,Thomas,Gordon,Thomas Gordon,male
1995,Julie,Davis,Julie Davis,female
1269,Jacob,Bush,Jacob Bush,male
1862,Kaitlin,Johnston,Kaitlin Johnston,female
1815,Charles,Wells,Charles Wells,male
1455,Aaron,Smith,Aaron Smith,male
1461,Nicholas,Hurley,Nicholas Hurley,male
1726,Tammy,Torres,Tammy Torres,female
1251,Amanda,Garcia,Amanda Garcia,female
1701,David,Wang,David Wang,male
1295,Douglas,Oneal,Douglas Oneal,male
1724,Diana,Hudson,Diana Hudson,female
1719,Katrina,Williams,Katrina Williams,female
1748,Amy,Washington,Amy Washington,female
1337,Jacqueline,Nguyen,Jacqueline Nguyen,female
1878,Ryan,Mendez,Ryan Mendez,male
1052,Anthony,Williams,Anthony Williams,male
1791,Nicholas,Chavez,Nicholas Chavez,male
1921,Thomas,Hansen,Thomas Hansen,male
1216,Kimberly,Patterson,Kimberly Patterson,female
1763,Eric,Burnett,Eric Burnett,male
1187,Brittany,Mcintyre,Brittany Mcintyre,female
1379,Shawn,Wright,Shawn Wright,male
1492,Amy,Mcgee,Amy Mcgee,female
1040,Scott,Cox,Scott Cox,male
1156,Calvin,Mcdaniel,Calvin Mcdaniel,male
1014,John,Johnson,John Johnson,male
1812,Brenda,Huff,Brenda Huff,female
1064,Denise,Vaughn,Denise Vaughn,female
1838,James,Flores,James Flores,male
1520,Hannah,Mendoza,Hannah Mendoza,female
1128,Ann,Holt,Ann Holt,female
1647,Michelle,Baker,Michelle Baker,female
1471,Andrea,Becker,Andrea Becker,female
1062,Jimmy,Moody,Jimmy Moody,male
1138,John,Roberts,John Roberts,male
1498,Carrie,Goodman,Carrie Goodman,female
1592,Julia,Snyder,Julia Snyder,female
1391,Erica,Jones,Erica Jones,female
1674,Kelly,Mcgee,Kelly Mcgee,female
1418,Carl,Shelton,Carl Shelton,male
1288,James,Garza,James Garza,male
1378,Julie,Ruiz,Julie Ruiz,female
1772,Gregory,Gallagher,Gregory Gallagher,male
1489,Ryan,Gonzalez,Ryan Gonzalez,male
1230,Ronald,Garcia,Ronald Garcia,male
1027,Ricky,Camacho,Ricky Camacho,male
1134,David,Dean,David Dean,male
1200,Damon,Wilson,Damon Wilson,male
1839,Timothy,Simon,Timothy Simon,male
1779,Amber,Delgado,Amber Delgado,female
1929,Tammy,Barker,Tammy Barker,female
1032,Jeff,Kelley,Jeff Kelley,male
1047,Tina,Hansen,Tina Hansen,female
1502,Sarah,Juarez,Sarah Juarez,female
1406,Maurice,Mason,Maurice Mason,male
1573,Michael,Jackson,Michael Jackson,male
1727,Lori,Tyler,Lori Tyler,female
1804,Margaret,Johnson,Margaret Johnson,female
1098,Jonathan,Anderson,Jonathan Anderson,male
1683,Collin,Williams,Collin Williams,male
1725,Randy,Page,Randy Page,male
1986,Jodi,Johnson,Jodi Johnson,female
1546,James,Ashley,James Ashley,male
1960,Emily,Clark,Emily Clark,female
1738,Ann,Walker,Ann Walker,female
1612,Wesley,Cook,Wesley Cook,male
1642,Shelby,Phillips,Shelby Phillips,female
1768,Kevin,Smith,Kevin Smith,male
1004,Joseph,Andrade,Joseph Andrade,male
1217,Alexander,Mejia,Alexander Mejia,male
1766,Michael,Nolan,Michael Nolan,male
1397,Michael,Adams,Michael Adams,male
1870,David,Peterson,David Peterson,male
1794,Donna,Thomas,Donna Thomas,female
1392,Sheryl,Wagner,Sheryl Wagner,female
1206,Brian,Hughes,Brian Hughes,male
1857,Laura,Smith,Laura Smith,female
1553,Richard,Lopez,Richard Lopez,male
1891,Dakota,Forbes,Dakota Forbes,male
1460,Daniel,Burns,Daniel Burns,male
1690,Jessica,Marsh,Jessica Marsh,female
1574,Clifford,Miller,Clifford Miller,male
1863,Terri,Miller,Terri Miller,female
1742,Jeffery,Duarte,Jeffery Duarte,male
1240,Monica,Horton,Monica Horton,female
1563,Dustin,Rodriguez,Dustin Rodriguez,male
1095,Donald,Walters,Donald Walters,male
1899,Pamela,Cooley,Pamela Cooley,female
1733,James,Moore,James Moore,male
1654,Scott,Doyle,Scott Doyle,male
1170,Daniel,Perez,Daniel Perez,male
1540,Robert,Smith,Robert Smith,male
1035,Jessica,Johnson,Jessica Johnson,female
1524,Bruce,Nolan,Bruce Nolan,male
1159,Jacqueline,Ferguson,Jacqueline Ferguson,female
1698,Amber,Davis,Amber Davis,female
1242,Todd,Love,Todd Love,male
1085,Kristi,Gonzalez,Kristi Gonzalez,female
1795,Jeff,Smith,Jeff Smith,male
1577,Caroline,Washington,Caroline Washington,female
1556,Jonathan,White,Jonathan White,male
1952,Darren,Brooks,Darren Brooks,male
1645,Dan,Barnes,Dan Barnes,male
1619,Alyssa,James,Alyssa James,female
1797,Erin,Wade,Erin Wade,female
1639,Yolanda,Harris,Yolanda Harris,female
1505,Tracey,Russell,Tracey Russell,female
1347,Kristen,Keith,Kristen Keith,female
1472,Joe,Collins,Joe Collins,male
1224,Michael,Buckley,Michael Buckley,male
1384,Richard,Nguyen,Richard Nguyen,male
1376,Richard,Brown,Richard Brown,male
1282,Richard,Deleon,Richard Deleon,male
1632,Holly,Mckenzie,Holly Mckenzie,female
1627,Susan,Green,Susan Green,female
1972,David,Davenport,David Davenport,male
1744,David,Sosa,David Sosa,male
1258,Bernard,Carpenter,Bernard Carpenter,male
1358,Samantha,Harris,Samantha Harris,female
1709,William,Young,William Young,male
1410,Elizabeth,Williams,Elizabeth Williams,female
1648,Sean,Meyer,Sean Meyer,male
1317,Brandi,Peterson,Brandi Peterson,female
1676,Jacob,Gomez,Jacob Gomez,male
1233,Derrick,Webb,Derrick Webb,male
1974,Lori,Best,Lori Best,female
1826,Tiffany,Mullins,Tiffany Mullins,female
1373,Lisa,Cox,Lisa Cox,female
1671,Jordan,Black,Jordan Black,male
1607,Shannon,Myers,Shannon Myers,female
1232,Phillip,Crane,Phillip Crane,male
1691,Jasmin,Pearson,Jasmin Pearson,female
1112,Miguel,Valdez,Miguel Valdez,male
1829,Angela,Wells,Angela Wells,female
1496,Aaron,Johnson,Aaron Johnson,male
1441,Valerie,Blackburn,Valerie Blackburn,female
1267,Joseph,Johnson,Joseph Johnson,male
1509,Amber,Marsh,Amber Marsh,female
1806,Taylor,Evans,Taylor Evans,female
1386,Robert,King,Robert King,male
1624,Michael,Mendoza,Michael Mendoza,male
1951,David,Bishop,David Bishop,male
1641,Katie,Hendricks,Katie Hendricks,female
1219,Lisa,Williamson,Lisa Williamson,female
1854,Maurice,Young,Maurice Young,male
1996,Annette,Juarez,Annette Juarez,female
1735,Mark,Garcia,Mark Garcia,male
1402,Sabrina,Nguyen,Sabrina Nguyen,female
1637,Angel,Gilmore,Angel Gilmore,female
1129,Laura,Le,Laura Le,female
1415,Julian,Miller,Julian Miller,male
1246,Chad,Drake,Chad Drake,male
1835,John,Allen,John Allen,male
1438,Jennifer,Callahan,Jennifer Callahan,female
1202,Vanessa,Floyd,Vanessa Floyd,female
1183,Steve,Garcia,Steve Garcia,male
1122,Lisa,Willis,Lisa Willis,female
1400,Margaret,Smith,Margaret Smith,female
1293,Keith,Warren,Keith Warren,male
1279,Johnathan,Torres,Johnathan Torres,male
1836,Dennis,Green,Dennis Green,male
1883,Barbara,Ward,Barbara Ward,female
1609,Steven,Medina,Steven Medina,male
1197,Roberto,Davis,Roberto Davis,male
1981,Jill,Mcclure,Jill Mcclure,female
1906,Raymond,Phelps,Raymond Phelps,male
1751,Sydney,Olsen,Sydney Olsen,female
1143,Candice,Morgan,Candice Morgan,female
1608,Karen,Woods,Karen Woods,female
1123,Elizabeth,Wright,Elizabeth Wright,female
1186,Cindy,Sanders,Cindy Sanders,female
1325,Susan,Olsen,Susan Olsen,female
1463,Megan,Johnson,Megan Johnson,female
1348,Colton,Hutchinson,Colton Hutchinson,male
1770,Michael,Elliott,Michael Elliott,male
1659,Catherine,Williams,Catherine Williams,female
1954,Sandra,Melendez,Sandra Melendez,female
1962,Rodney,Hernandez,Rodney Hernandez,male
1146,Clifford,Sherman,Clifford Sherman,male
1147,Megan,Moreno,Megan Moreno,female
1710,Ronald,Holmes,Ronald Holmes,male
1819,Mary,Johnson,Mary Johnson,female
1488,Carlos,Robbins,Carlos Robbins,male
1928,Adam,Cox,Adam Cox,male
1935,Michael,Ray,Michael Ray,male
1550,Nicholas,Kelly,Nicholas Kelly,male
1640,Kelly,Kerr,Kelly Kerr,female
1778,Robert,Williams,Robert Williams,male
1987,Teresa,Abbott,Teresa Abbott,female
1945,Sarah,Morris,Sarah Morris,female
1150,Steven,Davis,Steven Davis,male
1414,Wendy,Salazar,Wendy Salazar,female
1989,Hannah,Mueller,Hannah Mueller,female
1297,Phillip,Russell,Phillip Russell,male
1610,Elizabeth,Farrell,Elizabeth Farrell,female
1262,Adam,Davenport,Adam Davenport,male
1623,Nancy,Hayes,Nancy Hayes,female
1571,Juan,Williamson,Juan Williamson,male
1880,Sean,Thompson,Sean Thompson,male
1896,Joseph,Lucas,Joseph Lucas,male
1303,Amanda,Mann,Amanda Mann,female
1253,Louis,Jones,Louis Jones,male
1651,Jonathon,Gonzalez,Jonathon Gonzalez,male
1452,Christina,Miller,Christina Miller,female
1036,Scott,Erickson,Scott Erickson,male
1008,Joshua,Mitchell,Joshua Mitchell,male
1658,Scott,Nichols,Scott Nichols,male
1207,Corey,Hamilton,Corey Hamilton,male
1403,Allen,Solomon,Allen Solomon,male
1151,David,Strong,David Strong,male
1053,Amber,Kelly,Amber Kelly,female
1119,Rodney,Buchanan,Rodney Buchanan,male
1672,Daniel,Watson,Daniel Watson,male
1919,William,Pugh,William Pugh,male
1586,Courtney,Kent,Courtney Kent,female
1967,William,Lopez,William Lopez,male
1419,Lisa,Robertson,Lisa Robertson,female
1421,Anna,Davila,Anna Davila,female
1103,Rebecca,Powers,Rebecca Powers,female
1851,Misty,Adkins,Misty Adkins,female
1226,Lisa,Watson,Lisa Watson,female
1111,Mark,Singh,Mark Singh,male
1152,Cheyenne,Simon,Cheyenne Simon,female
1913,David,Mann,David Mann,male
1895,Joseph,Reid,Joseph Reid,male
1877,Michael,Rodriguez,Michael Rodriguez,male
1705,Rebecca,Montgomery,Rebecca Montgomery,female
1162,Keith,Burke,Keith Burke,male
1956,Lisa,Reynolds,Lisa Reynolds,female
1680,Charles,Zuniga,Charles Zuniga,male
1579,Kelly,Romero,Kelly Romero,female
1800,Donald,Rogers,Donald Rogers,male
1915,David,Richard,David Richard,male
1503,Monica,Crane,Monica Crane,female
1194,Michael,Morris,Michael Morris,male
1687,Jennifer,Henderson,Jennifer Henderson,female
1882,Jason,Hernandez,Jason Hernandez,male
1469,Nicholas,Valencia,Nicholas Valencia,male
1374,Elizabeth,Jones,Elizabeth Jones,female
1749,Brandon,Jordan,Brandon Jordan,male
1669,Tanner,Pratt,Tanner Pratt,male
1037,Carl,Taylor,Carl Taylor,male
1229,Bruce,Ferguson,Bruce Ferguson,male
1364,Kerri,Jensen,Kerri Jensen,female
1437,Eric,Washington,Eric Washington,male
1026,Kristen,Robles,Kristen Robles,female
1225,Melissa,Brown,Melissa Brown,female
1283,Dana,Hart,Dana Hart,female
1959,Timothy,Thompson,Timothy Thompson,male
1480,Bruce,Haley,Bruce Haley,male
1828,Megan,Miller,Megan Miller,female
1515,Judith,Friedman,Judith Friedman,female
1048,Harold,Randall,Harold Randall,male
1511,Ashley,Chase,Ashley Chase,female
1016,Matthew,Green,Matthew Green,male
1171,Lindsay,Peterson,Lindsay Peterson,female
1157,Theresa,Fox,Theresa Fox,female
1045,Jessica,Rodriguez,Jessica Rodriguez,female
1517,Jennifer,Moore,Jennifer Moore,female
1301,Scott,Hill,Scott Hill,male
1180,Laurie,Vazquez,Laurie Vazquez,female
1606,Katie,Tran,Katie Tran,female
1992,Ricardo,Jones,Ricardo Jones,male
1115,Benjamin,Donaldson,Benjamin Donaldson,male
1190,Hannah,Williams,Hannah Williams,female
1980,Amy,Daniels,Amy Daniels,female
1927,Scott,Allen,Scott Allen,male
1982,Jonathon,Friedman,Jonathon Friedman,male
1255,Ernest,Douglas,Ernest Douglas,male
1322,Courtney,Roberts,Courtney Roberts,female
1127,Samuel,Fisher,Samuel Fisher,male
1017,Anna,Hernandez,Anna Hernandez,female
1792,Mary,Johnson,Mary Johnson,female
1734,Alicia,Mahoney,Alicia Mahoney,female
1569,Robert,Hayes,Robert Hayes,male
1685,Kimberly,Lindsey,Kimberly Lindsey,female
1625,Mary,Stewart,Mary Stewart,female
1287,Carla,Hamilton,Carla Hamilton,female
1853,John,Rosales,John Rosales,male
1662,Deborah,Mclaughlin,Deborah Mclaughlin,female
1961,Heather,Savage,Heather Savage,female
1638,Jane,Holden,Jane Holden,female
1154,Erin,Lopez,Erin Lopez,female
1985,David,Hayes,David Hayes,male
1784,Shelly,Murphy,Shelly Murphy,female
1810,Wyatt,Smith,Wyatt Smith,male
1245,Leah,Jensen,Leah Jensen,female
1175,Carla,Moody,Carla Moody,female
1038,Justin,Jones,Justin Jones,male
1758,Lisa,Johnson,Lisa Johnson,female
1537,Tiffany,Jones,Tiffany Jones,female
1866,Jaime,Keith,Jaime Keith,female
1817,Teresa,Allen,Teresa Allen,female
1920,Andrew,Hunt,Andrew Hunt,male
1407,Tanya,Schmidt,Tanya Schmidt,female
1827,Gregory,White,Gregory White,male
1902,Jessica,Dalton,Jessica Dalton,female
1824,Michael,Collins,Michael Collins,male
1684,Sarah,Colon,Sarah Colon,female
1019,Joshua,Harrison,Joshua Harrison,male
1320,Chad,Aguirre,Chad Aguirre,male
1399,Matthew,Thompson,Matthew Thompson,male
1653,Bonnie,Jarvis,Bonnie Jarvis,female
1971,Christian,Marshall,Christian Marshall,male
1470,Harold,Rubio,Harold Rubio,male
1142,Nancy,Massey,Nancy Massey,female
1353,Leah,Wright,Leah Wright,female
1833,Brianna,Bennett,Brianna Bennett,female
1799,Pamela,Clark,Pamela Clark,female
1958,Daniel,Underwood,Daniel Underwood,male
1050,Erin,Perez,Erin Perez,female
1664,Holly,Hughes,Holly Hughes,female
1697,Brandon,Schmidt,Brandon Schmidt,male
1124,Natalie,Turner,Natalie Turner,female
1149,Matthew,Johnson,Matthew Johnson,male
1341,Edwin,Mullen,Edwin Mullen,male
1304,Elizabeth,Francis,Elizabeth Francis,female
1837,Stephen,Mcdowell,Stephen Mcdowell,male
1443,Susan,Mathis,Susan Mathis,female
1263,Edward,Green,Edward Green,male
1195,Jennifer,Martin,Jennifer Martin,female
1773,Suzanne,Mills,Suzanne Mills,female
1876,Alicia,Lang,Alicia Lang,female
1991,Daniel,Martin,Daniel Martin,male
1349,Christina,Welch,Christina Welch,female
1046,Nancy,Gomez,Nancy Gomez,female
1822,Charles,Hendrix,Charles Hendrix,male
1655,Tommy,Ortega,Tommy Ortega,male
1268,Jordan,Davis,Jordan Davis,male
1369,David,Krueger,David Krueger,male
1635,Hannah,Shelton,Hannah Shelton,female
1656,Eric,Ruiz,Eric Ruiz,male
1830,Stephen,Conway,Stephen Conway,male
1786,Cassandra,Williams,Cassandra Williams,female
1603,Tiffany,Nelson,Tiffany Nelson,female
1057,Robert,Stewart,Robert Stewart,male
1950,John,Delgado,John Delgado,male
1740,Albert,Matthews,Albert Matthews,male
1473,Amanda,Morris,Amanda Morris,female
1116,Mitchell,Trevino,Mitchell Trevino,male
1790,Tamara,Barber,Tamara Barber,female
1126,Erik,Harris,Erik Harris,male
1907,Kristin,Kennedy,Kristin Kennedy,female
1633,Donna,Miller,Donna Miller,female
1512,Frank,Gardner,Frank Gardner,male
1750,Nathaniel,Pruitt,Nathaniel Pruitt,male
1801,Patricia,Perez,Patricia Perez,female
1117,Anna,Gonzalez,Anna Gonzalez,female
1559,Sarah,Barnes,Sarah Barnes,female
1487,William,Kennedy,William Kennedy,male
1236,Tina,Oneill,Tina Oneill,female
1884,Kristin,Hutchinson,Kristin Hutchinson,female
1271,Kristen,Palmer,Kristen Palmer,female
1188,Gary,Vasquez,Gary Vasquez,male
1998,Ryan,Curry,Ryan Curry,male
1703,Michael,Allen,Michael Allen,male
1446,Jeremy,Riley,Jeremy Riley,male
1580,Brandy,Guzman,Brandy Guzman,female
1789,John,Mercer,John Mercer,male
1075,Pamela,Evans,Pamela Evans,female
1153,Mitchell,Kelly,Mitchell Kelly,male
1434,Deborah,Franklin,Deborah Franklin,female
1696,Dustin,Howell,Dustin Howell,male
1284,Mary,Smith,Mary Smith,female
1973,Karen,Wright,Karen Wright,female
1068,Michael,Willis,Michael Willis,male
1093,Maria,Nguyen,Maria Nguyen,female
1203,William,Stokes,William Stokes,male
1911,Daniel,West,Daniel West,male
1431,Jason,Todd,Jason Todd,male
1340,Deborah,Ayers,Deborah Ayers,female
1611,James,Robinson,James Robinson,male
1356,Anthony,Bowen,Anthony Bowen,male
1022,John,Hernandez,John Hernandez,male
1761,Matthew,Wood,Matthew Wood,male
1521,Monique,Johnson,Monique Johnson,female
1757,Randall,Jones,Randall Jones,male
1179,Gabriel,Sexton,Gabriel Sexton,male
1222,Cole,Richards,Cole Richards,male
1905,Barbara,Pruitt,Barbara Pruitt,female
1324,Christina,Bird,Christina Bird,female
1015,Mandy,Allen,Mandy Allen,female
1335,Luis,Cannon,Luis Cannon,male
1257,Laura,Boyle,Laura Boyle,female
1689,Michael,Rodriguez,Michael Rodriguez,male
1544,Michael,Pacheco,Michael Pacheco,male
1426,Doris,Johnson,Doris Johnson,female
1834,Linda,Zamora,Linda Zamora,female
1576,Patrick,Jones,Patrick Jones,male
1416,William,Berry,William Berry,male
1167,Whitney,Christian,Whitney Christian,female
1841,Dylan,Perez,Dylan Perez,male
1042,William,Thomas,William Thomas,male
1396,Matthew,Hull,Matthew Hull,male
1011,Barry,Kane,Barry Kane,male
1753,Ronald,Hughes,Ronald Hughes,male
1848,Brian,Harper,Brian Harper,male
1089,Brent,Campbell,Brent Campbell,male
1604,Antonio,Turner,Antonio Turner,male
1969,Mia,Lee,Mia Lee,female
1601,Matthew,Austin,Matthew Austin,male
1417,Jason,Taylor,Jason Taylor,male
1114,Karen,Torres,Karen Torres,female
1616,Lori,Simpson,Lori Simpson,female
1825,Wendy,Johnson,Wendy Johnson,female
1500,Michelle,Pena,Michelle Pena,female
1074,John,Rose,John Rose,male
1412,Kelsey,Reeves,Kelsey Reeves,female
1375,Sarah,Moran,Sarah Moran,female
1728,Lisa,Avila,Lisa Avila,female
1760,Karl,Coleman,Karl Coleman,male
1675,Jonathan,Green,Jonathan Green,male
1393,David,Thomas,David Thomas,male
1868,Rachel,Robinson,Rachel Robinson,female
1456,Natalie,Cruz,Natalie Cruz,female
1688,Jason,Lynch,Jason Lynch,male
1547,Paul,Hendrix,Paul Hendrix,male
1977,Stanley,Stokes,Stanley Stokes,male
1368,Kimberly,Bowers,Kimberly Bowers,female
1694,Joseph,Mitchell,Joseph Mitchell,male
1278,Jason,Harrison,Jason Harrison,male
1872,Ryan,Martin,Ryan Martin,male
1272,Robert,Scott,Robert Scott,male
1061,James,Silva,James Silva,male
1595,Sharon,Williams,Sharon Williams,female
1879,Matthew,Carter,Matthew Carter,male
1018,Malik,Ewing,Malik Ewing,male
1176,Karen,Aguilar,Karen Aguilar,female
1395,Angela,Harris,Angela Harris,female
1444,Renee,Morris,Renee Morris,female
1914,Randall,Pierce,Randall Pierce,male
1264,Sheila,Kelley,Sheila Kelley,female
1717,Kaitlin,Moore,Kaitlin Moore,female
1383,Eric,Robinson,Eric Robinson,male
1850,Bradley,Orr,Bradley Orr,male
1024,Bailey,Mann,Bailey Mann,female
1947,Jacob,Garcia,Jacob Garcia,male
1890,Kristen,Jacobs,Kristen Jacobs,female
1468,Jennifer,Holmes,Jennifer Holmes,female
1483,Oscar,Franklin,Oscar Franklin,male
1568,Deanna,Flores,Deanna Flores,female
1108,Christina,Lopez,Christina Lopez,female
1692,Jamie,Myers,Jamie Myers,female
1041,Jose,Schultz,Jose Schultz,male
1185,Jack,Richardson,Jack Richardson,male
1934,Thomas,Watts,Thomas Watts,male
1132,Sydney,Price,Sydney Price,female
1732,Katelyn,Craig,Katelyn Craig,female
1234,Tanya,Johnson,Tanya Johnson,female
1842,Ann,Villegas,Ann Villegas,female
1657,Brittney,Foster,Brittney Foster,female
1587,Brian,Gonzales,Brian Gonzales,male
1073,Lauren,Lewis,Lauren Lewis,female
1953,Kaitlyn,Taylor,Kaitlyn Taylor,female
1912,Natalie,Young,Natalie Young,female
1518,Jack,Whitaker,Jack Whitaker,male
1173,Holly,Massey,Holly Massey,female
1652,Courtney,Reynolds,Courtney Reynolds,female
1169,Ronnie,Martin,Ronnie Martin,male
1193,Brianna,Simpson,Brianna Simpson,female
1516,Martin,Fitzpatrick,Martin Fitzpatrick,male
1028,Adam,Spears,Adam Spears,male
1164,Teresa,Shah,Teresa Shah,female
1338,Amanda,West,Amanda West,female
1495,Kristin,Horn,Kristin Horn,female
1832,Kimberly,Perez,Kimberly Perez,female
1499,Timothy,Baker,Timothy Baker,male
1326,John,Parker,John Parker,male
1300,Adam,Griffin,Adam Griffin,male
1131,Stephanie,Phillips,Stephanie Phillips,female
1803,Debra,Williams,Debra Williams,female
1069,Patrick,Hunt,Patrick Hunt,male
1181,Matthew,Bailey,Matthew Bailey,male
1090,Julie,Smith,Julie Smith,female
1713,Jon,Colon,Jon Colon,male
1530,Christopher,Jenkins,Christopher Jenkins,male
1125,Joshua,Carroll,Joshua Carroll,male
1450,Dawn,Smith,Dawn Smith,female
1172,Douglas,Bridges,Douglas Bridges,male
1894,Jessica,Ramirez,Jessica Ramirez,female
1360,Samuel,Williams,Samuel Williams,male
1000,Melissa,Brooks,Melissa Brooks,female
1507,David,Smith,David Smith,male
1408,Sean,Meyers,Sean Meyers,male
1823,Anthony,Lucas,Anthony Lucas,male
1933,Rachel,Smith,Rachel Smith,female
1133,Michael,Kidd,Michael Kidd,male
1814,Jose,Carlson,Jose Carlson,male
1148,Jennifer,Owens,Jennifer Owens,female
1079,Carol,Jordan,Carol Jordan,female
1885,Tracy,Nguyen,Tracy Nguyen,female
1212,Amber,Reese,Amber Reese,female
1228,Michelle,Powell,Michelle Powell,female
1531,Kimberly,Ramirez,Kimberly Ramirez,female
1440,Brittany,Delacruz,Brittany Delacruz,female
1525,Briana,Wood,Briana Wood,female
1970,Jessica,Lucas,Jessica Lucas,female
1329,Laura,Hull,Laura Hull,female
1783,Matthew,Molina,Matthew Molina,male
1357,Lisa,Alvarez,Lisa Alvarez,female
1667,Kevin,Long,Kevin Long,male
1007,Anita,Cruz,Anita Cruz,female
1177,Brett,Sanford,Brett Sanford,male
1539,David,Walsh,David Walsh,male
1731,Seth,Hall,Seth Hall,male
1739,Steve,Marshall,Steve Marshall,male
1922,Kristen,Barker,Kristen Barker,female
1501,Christopher,Flores,Christopher Flores,male
1144,Bryan,Green,Bryan Green,male
1723,Jessica,Allison,Jessica Allison,female
1924,Cassandra,Brooks,Cassandra Brooks,female
1908,Ann,Lyons,Ann Lyons,female
1557,Tracy,Allen,Tracy Allen,female
1593,Thomas,Walters,Thomas Walters,male
1708,Robin,Singh,Robin Singh,female
1449,Tammy,Hamilton,Tammy Hamilton,female
1009,Jordan,Evans,Jordan Evans,female
1250,Jessica,Stewart,Jessica Stewart,female
1118,Daniel,Anderson,Daniel Anderson,male
1145,Douglas,Wilson,Douglas Wilson,male
1223,Chelsea,Rivas,Chelsea Rivas,female
1238,Chelsea,Rodriguez,Chelsea Rodriguez,female
1852,Daniel,Porter,Daniel Porter,male
1281,Gina,Moreno,Gina Moreno,female
1104,William,Cooper,William Cooper,male
1404,Glen,Dixon,Glen Dixon,male
1976,Michelle,Olson,Michelle Olson,female
1644,Joseph,Brown,Joseph Brown,male
1869,Breanna,Terry,Breanna Terry,female
1436,Meghan,Thomas,Meghan Thomas,female
1457,Tracy,Diaz,Tracy Diaz,female
1082,Darrell,Clark,Darrell Clark,male
1084,Jennifer,Fletcher,Jennifer Fletcher,female
1077,Travis,Lopez,Travis Lopez,male
1716,Michael,Brown,Michael Brown,male
1445,Jennifer,Lewis,Jennifer Lewis,female
1448,Steven,Flowers,Steven Flowers,male
1033,Kelly,Williams,Kelly Williams,female
1094,Chelsea,Anderson,Chelsea Anderson,female
1249,Ian,Smith,Ian Smith,male
1673,Jasmine,Higgins,Jasmine Higgins,female
1305,Amy,Chavez,Amy Chavez,female
1235,Ricky,Brown,Ricky Brown,male
1388,Stephen,Day,Stephen Day,male
1762,Deborah,Andrews,Deborah Andrews,female
1302,Daniel,Murphy,Daniel Murphy,male
1918,Shirley,Jones,Shirley Jones,female
1909,Logan,Smith,Logan Smith,male
1737,Madison,Meyer,Madison Meyer,female
1097,George,Gonzales,George Gonzales,male
1849,Teresa,Thompson,Teresa Thompson,female
1334,Samantha,Smith,Samantha Smith,female
1858,Joseph,Romero,Joseph Romero,male
1993,Desiree,Bryant,Desiree Bryant,female
1307,Emily,Conley,Emily Conley,female
1248,Nicole,Rodriguez,Nicole Rodriguez,female
1165,Angela,Baxter,Angela Baxter,female
1983,Amanda,Hall,Amanda Hall,female
1541,Erin,Lopez,Erin Lopez,female
1796,Lisa,Macdonald,Lisa Macdonald,female
1137,Christopher,Barnes,Christopher Barnes,male
1545,Amy,Coleman,Amy Coleman,female
1204,Samuel,Garner,Samuel Garner,male
1746,John,Lewis,John Lewis,male
1110,Michelle,Carter,Michelle Carter,female
1182,Dustin,Andrews,Dustin Andrews,male
1847,Stacey,Phillips,Stacey Phillips,female
1519,Martha,West,Martha West,female
1359,Joshua,Lester,Joshua Lester,male
1695,Jennifer,Liu,Jennifer Liu,female
1280,Francisco,Allen,Francisco Allen,male
1666,Andrew,Baker,Andrew Baker,male
1092,Dennis,Owen,Dennis Owen,male
1060,Sandra,Brown,Sandra Brown,female
1788,Gabriel,Wilson,Gabriel Wilson,male
1465,Christopher,Smith,Christopher Smith,male
1533,Sandra,Shannon,Sandra Shannon,female
1523,Sarah,Wade,Sarah Wade,female
1944,James,Lopez,James Lopez,male
1072,Jason,Santana,Jason Santana,male
1793,Brittney,Walker,Brittney Walker,female
1120,Justin,Sullivan,Justin Sullivan,male
1213,Julian,Smith,Julian Smith,male
1055,Susan,Hall,Susan Hall,female
1572,Jessica,Wong,Jessica Wong,female
1336,Joel,Harris,Joel Harris,male
1025,James,Ramos,James Ramos,male
1256,Michael,Nguyen,Michael Nguyen,male
1718,Joseph,Ortiz,Joseph Ortiz,male
1215,Ashley,Murphy,Ashley Murphy,female
1665,Michael,Harvey,Michael Harvey,male
1311,Julie,Porter,Julie Porter,female
1006,Shannon,Morales,Shannon Morales,female
1002,Matthew,Raymond,Matthew Raymond,male
1622,Timothy,Johnston,Timothy Johnston,male
1362,Randall,James,Randall James,male
1984,Teresa,Mccormick,Teresa Mccormick,female
1630,Norma,Davis,Norma Davis,female
1811,Brandy,Cole,Brandy Cole,female
1536,Angela,Miller,Angela Miller,female
1211,Andrea,Mcgrath,Andrea Mcgrath,female
1066,Charles,Woods,Charles Woods,male
1227,David,Bennett,David Bennett,male
1594,Rebecca,Price,Rebecca Price,female
1424,Danny,Landry,Danny Landry,male
1319,Timothy,Rose,Timothy Rose,male
1442,Michael,Taylor,Michael Taylor,male
1314,Wesley,Miller,Wesley Miller,male
1965,Jennifer,Norton,Jennifer Norton,female
1581,Wanda,Martinez,Wanda Martinez,female
1136,John,Crawford,John Crawford,male
1898,Darin,Palmer,Darin Palmer,male
1542,Timothy,Wilson,Timothy Wilson,male
1039,Timothy,Evans,Timothy Evans,male
1005,Christina,Jones,Christina Jones,female
1321,Kimberly,Jones,Kimberly Jones,female
1467,Kimberly,Bennett,Kimberly Bennett,female
1003,Kyle,James,Kyle James,male
1846,Chad,Smith,Chad Smith,male
1605,Robin,Torres,Robin Torres,female
1997,Joshua,Romero,Joshua Romero,male
1946,Lance,Mitchell,Lance Mitchell,male
1714,Robert,Weaver,Robert Weaver,male
1299,Amanda,Terry,Amanda Terry,female
1409,Zachary,Butler,Zachary Butler,male
1139,Danielle,Mendoza,Danielle Mendoza,female
1558,Amanda,Pope,Amanda Pope,female
1549,Michelle,Horn,Michelle Horn,female
1893,Emily,Smith,Emily Smith,female
1867,Natalie,Flowers,Natalie Flowers,female
1844,Mike,Lopez,Mike Lopez,male
1901,Heather,Collins,Heather Collins,female
1260,Kevin,Ryan,Kevin Ryan,male
1649,Darin,Gutierrez,Darin Gutierrez,male
1012,Mary,Fernandez,Mary Fernandez,female
1318,Michael,Greene,Michael Greene,male
1328,James,Bentley,James Bentley,male
1910,Drew,Copeland,Drew Copeland,male
1816,Christopher,Jones,Christopher Jones,male
1333,Bryan,Taylor,Bryan Taylor,male
1994,Joshua,Downs,Joshua Downs,male
1917,Eric,Figueroa,Eric Figueroa,male
1290,Martin,Francis,Martin Francis,male
1088,Joshua,Knapp,Joshua Knapp,male
1294,Stephen,Perkins,Stephen Perkins,male
1615,Tom,Evans,Tom Evans,male
1636,Phillip,Prince,Phillip Prince,male
1864,Travis,Gonzalez,Travis Gonzalez,male
1820,Maria,Larson,Maria Larson,female
1578,Blake,Gordon,Blake Gordon,male
1390,William,Black,William Black,male
1178,Samuel,Mendoza,Samuel Mendoza,male
1447,Jose,Hernandez,Jose Hernandez,male
1668,Bryan,Vega,Bryan Vega,male
1477,Joseph,Brown,Joseph Brown,male
1096,Jordan,Lara,Jordan Lara,male
1597,Mary,Brown,Mary Brown,female
1634,Matthew,Clements,Matthew Clements,male
1158,Richard,Lynch,Richard Lynch,male
1323,Stephanie,Hampton,Stephanie Hampton,female
1843,Michael,Hogan,Michael Hogan,male
1626,Michael,Hughes,Michael Hughes,male
1754,Melinda,Chambers,Melinda Chambers,female
1291,Alicia,Jennings,Alicia Jennings,female
1010,Michael,Murray,Michael Murray,male
1711,Nicole,Conley,Nicole Conley,female
1140,Michael,Cox,Michael Cox,male
1209,Kathleen,Garrett,Kathleen Garrett,female
1682,Terri,Woods,Terri Woods,female
1355,Dawn,Garcia,Dawn Garcia,female
1887,Renee,Myers,Renee Myers,female
1798,Daniel,Collins,Daniel Collins,male
1377,Linda,Johnson,Linda Johnson,female
1904,Abigail,Meadows,Abigail Meadows,female
1296,Colleen,Faulkner,Colleen Faulkner,female
1813,Alyssa,Gay,Alyssa Gay,female
1621,Erica,Valdez,Erica Valdez,female
1949,Trevor,Bowen,Trevor Bowen,male
1370,Crystal,Ramirez,Crystal Ramirez,female
1660,Barbara,Khan,Barbara Khan,female
1430,Taylor,Mcconnell,Taylor Mcconnell,female
1968,Kayla,Harris,Kayla Harris,female
1312,Debbie,Wright,Debbie Wright,female
1936,Marvin,Kaufman,Marvin Kaufman,male
1802,Judith,Anthony,Judith Anthony,female
1346,Rachel,Braun,Rachel Braun,female
1528,Jillian,Nguyen,Jillian Nguyen,female
1938,Heather,Howard,Heather Howard,female
1966,John,Armstrong,John Armstrong,male
1855,Cheryl,Gates,Cheryl Gates,female
1155,Michael,Schneider,Michael Schneider,male
1881,Yvette,Vasquez,Yvette Vasquez,female
1083,Heidi,Stevenson,Heidi Stevenson,female
1629,David,Ward,David Ward,male
1722,Chloe,Walter,Chloe Walter,female
1031,Brenda,Wright,Brenda Wright,female
1428,Joseph,Swanson,Joseph Swanson,male
1285,Danielle,Luna,Danielle Luna,female
1423,Andrew,Hernandez,Andrew Hernandez,male
1589,Tracy,Gibbs,Tracy Gibbs,female
1174,Madison,Schwartz,Madison Schwartz,female
1113,Jacob,Mckenzie,Jacob Mckenzie,male
1221,Laura,Scott,Laura Scott,female
1677,Christine,Watkins,Christine Watkins,female
1643,Brian,Rice,Brian Rice,male
1054,Kyle,Gomez,Kyle Gomez,male
1777,Crystal,Evans,Crystal Evans,female
1978,Donna,Brown,Donna Brown,female
1086,Sean,Anderson,Sean Anderson,male
1327,Melissa,Aguirre,Melissa Aguirre,female
1490,Veronica,Torres,Veronica Torres,female
1451,Dustin,Valdez,Dustin Valdez,male
1943,Michael,Gibbs,Michael Gibbs,male
1774,Amanda,Joseph,Amanda Joseph,female
1380,Joseph,Montoya,Joseph Montoya,male
1081,James,Watts,James Watts,male
1513,Amber,Alvarez,Amber Alvarez,female
1522,Taylor,King,Taylor King,female
1745,Alexis,Rodriguez,Alexis Rodriguez,female
1706,Derek,Norris,Derek Norris,male
1939,Charles,Smith,Charles Smith,male
1363,Megan,Roth,Megan Roth,female
1631,Crystal,Miller,Crystal Miller,female
1720,Angela,Wright,Angela Wright,female
1208,Darrell,Davies,Darrell Davies,male
1551,Terrence,Black,Terrence Black,male
1277,Diamond,Boyer,Diamond Boyer,female
1493,Jacob,Gill,Jacob Gill,male
1598,Dawn,Joyce,Dawn Joyce,female
1628,Chelsea,Johnson,Chelsea Johnson,female
1873,Vanessa,Gamble,Vanessa Gamble,female
1286,Angela,Graham,Angela Graham,female
1730,Tonya,Campos,Tonya Campos,female
1575,Janet,Coleman,Janet Coleman,female
1704,Timothy,Olson,Timothy Olson,male
1743,Katherine,Campbell,Katherine Campbell,female
1309,Allison,Saunders,Allison Saunders,female
1405,Lindsey,Kennedy,Lindsey Kennedy,female
1506,Kimberly,Wilson,Kimberly Wilson,female
1481,Richard,Harrell,Richard Harrell,male
1712,Amy,Rivera,Amy Rivera,female
1497,Douglas,Murray,Douglas Murray,male
1107,Nathan,Price,Nathan Price,male
1101,Michael,Whitney,Michael Whitney,male
1865,Kevin,Black,Kevin Black,male
1274,Jeffrey,Kane,Jeffrey Kane,male
1043,Kylie,Torres,Kylie Torres,female
1591,James,Kennedy,James Kennedy,male
1990,Matthew,Murillo,Matthew Murillo,male
1199,Sarah,Paul,Sarah Paul,female
1570,Michael,Perez,Michael Perez,male
1781,Alison,Macias,Alison Macias,female
1371,Ashley,Aguilar,Ashley Aguilar,female
1526,Christopher,Riley,Christopher Riley,male
1721,Leslie,Vega,Leslie Vega,female
1425,Aaron,Harrington,Aaron Harrington,male
1310,Kim,Hall,Kim Hall,female
1780,Nathaniel,Carter,Nathaniel Carter,male
1244,Victor,Key,Victor Key,male
1439,Jonathan,Webb,Jonathan Webb,male
1265,Shannon,Dixon,Shannon Dixon,female
1925,Matthew,Brown,Matthew Brown,male
1141,Shane,Fox,Shane Fox,male
1292,Deborah,Peck,Deborah Peck,female
1948,Jennifer,Smith,Jennifer Smith,female
1584,Derrick,Warner,Derrick Warner,male
1398,Kathy,Young,Kathy Young,female
1888,Alyssa,Peterson,Alyssa Peterson,female
1963,Caitlyn,Kerr,Caitlyn Kerr,female
1583,Jill,Reed,Jill Reed,female
1365,James,Barr,James Barr,male
1752,Sarah,Flynn,Sarah Flynn,female
1889,Jenny,Barrera,Jenny Barrera,female
1892,Heather,Drake,Heather Drake,female
1266,Tyler,Ball,Tyler Ball,male
1331,Alex,Cox,Alex Cox,male
1462,Bonnie,Hebert,Bonnie Hebert,female
1394,Jody,Hughes,Jody Hughes,female
1900,Elizabeth,Thompson,Elizabeth Thompson,female
1453,Lisa,Gordon,Lisa Gordon,female
1964,Tara,Hogan,Tara Hogan,female
1567,Christopher,Lee,Christopher Lee,male
1261,James,Richards,James Richards,male
1352,Brittany,Joyce,Brittany Joyce,female
1344,Kathryn,Pitts,Kathryn Pitts,female
1030,Stephanie,Jefferson,Stephanie Jefferson,female
1534,Stephen,Moore,Stephen Moore,male
1926,Hunter,Rodriguez,Hunter Rodriguez,male
1588,Cody,Turner,Cody Turner,male
1988,Michael,Hawkins,Michael Hawkins,male
1585,Olivia,Hunt,Olivia Hunt,female
1411,Lisa,Jenkins,Lisa Jenkins,female
1715,Elizabeth,Burns,Elizabeth Burns,female
1078,Melissa,Baker,Melissa Baker,female
1429,Sabrina,Davis,Sabrina Davis,female
1886,Tara,Patton,Tara Patton,female
1538,Kathryn,Lutz,Kathryn Lutz,female
1381,Anthony,Mitchell,Anthony Mitchell,male
1785,Daniel,Smith,Daniel Smith,male
1059,Ryan,James,Ryan James,male
1590,Chelsea,Martin,Chelsea Martin,female
1198,Jerry,Jackson,Jerry Jackson,male
1535,Victor,Reed,Victor Reed,male
1063,Tracy,Hill,Tracy Hill,female
1494,Mitchell,Edwards,Mitchell Edwards,male
1543,Jerry,Nicholson,Jerry Nicholson,male
1552,Stephanie,Ward,Stephanie Ward,female
1316,Antonio,Wagner,Antonio Wagner,male
1859,Joshua,Clark,Joshua Clark,male
1382,Jeremy,Adams,Jeremy Adams,male
1514,Kent,Lucas,Kent Lucas,male
1808,Judy,Baldwin,Judy Baldwin,female
1903,Heather,Wright,Heather Wright,female
1306,Eric,Campbell,Eric Campbell,male
1548,Travis,Daugherty,Travis Daugherty,male
1351,Derrick,Taylor,Derrick Taylor,male
1923,John,Garrett,John Garrett,male
1861,Miranda,Walker,Miranda Walker,female
1023,Keith,Jackson,Keith Jackson,male
1937,Jason,Austin,Jason Austin,male
1529,Catherine,Wright,Catherine Wright,female
1736,Richard,Griffith,Richard Griffith,male
1065,Michelle,Smith,Michelle Smith,female
1275,Thomas,Sanchez,Thomas Sanchez,male
1979,Andrew,Olson,Andrew Olson,male
1932,Kevin,Davies,Kevin Davies,male
1756,Dawn,Noble,Dawn Noble,female
1184,Anita,Palmer,Anita Palmer,female
1192,Lori,Diaz,Lori Diaz,female
1613,Kristopher,Roberts,Kristopher Roberts,male
1916,Holly,West,Holly West,female
1941,Judy,Smith,Judy Smith,female
1220,Stephen,Stephens,Stephen Stephens,male
1342,Evan,Snyder,Evan Snyder,male
1618,Matthew,Sweeney,Matthew Sweeney,male
1350,Samuel,Jones,Samuel Jones,male
1582,Jennifer,Shepherd,Jennifer Shepherd,female
1361,Joseph,Diaz,Joseph Diaz,male
1049,Raymond,Friedman,Raymond Friedman,male
1482,Lisa,Miranda,Lisa Miranda,female
1076,Nicholas,May,Nicholas May,male
1596,Jennifer,Poole,Jennifer Poole,female
1620,Colleen,Schmitt,Colleen Schmitt,female
1707,Amy,Dawson,Amy Dawson,female
1617,Whitney,Reed,Whitney Reed,female
1247,Marcus,Hicks,Marcus Hicks,male
1100,Julia,Duke,Julia Duke,female
1930,Alisha,Smith,Alisha Smith,female
1787,Manuel,Williams,Manuel Williams,male
1767,Andrea,Jensen,Andrea Jensen,female
1163,Gina,Morrison,Gina Morrison,female
1109,Jeffrey,Mahoney,Jeffrey Mahoney,male
1237,Antonio,Miller,Antonio Miller,male
1845,Melissa,Estrada,Melissa Estrada,female
1259,Lindsey,Hanna,Lindsey Hanna,female
1741,Yvonne,Walsh,Yvonne Walsh,female
1422,Amanda,Greer,Amanda Greer,female
1464,Gabriel,Martin,Gabriel Martin,male
1231,Sarah,Flores,Sarah Flores,female
1650,Maria,Kemp,Maria Kemp,female
1210,Michael,Page,Michael Page,male
1367,Katie,Perez,Katie Perez,female
1168,Natalie,Anderson,Natalie Anderson,female
1420,Joseph,Koch,Joseph Koch,male
1029,Shelia,Anderson,Shelia Anderson,female
1135,David,Henderson,David Henderson,male
1999,Amanda,Smith,Amanda Smith,female
1056,Chase,Hudson,Chase Hudson,male
1940,Sandra,Chaney,Sandra Chaney,female
1765,Isaac,Turner,Isaac Turner,male
1874,Meghan,Cook,Meghan Cook,female
1532,Sarah,Reed,Sarah Reed,female
1759,Melissa,Morales,Melissa Morales,female
1678,George,Wagner,George Wagner,male
1067,Allison,Martinez,Allison Martinez,female
1679,Paul,Reynolds,Paul Reynolds,male
1485,Jeffrey,Thompson,Jeffrey Thompson,male
1433,Noah,Scott,Noah Scott,male
1218,Cynthia,Stephens,Cynthia Stephens,female
1602,Casey,Colon,Casey Colon,female
1254,Edward,Booker,Edward Booker,male
1479,Breanna,Caldwell,Breanna Caldwell,female
1554,Pamela,Martin,Pamela Martin,female
1332,Jesus,Turner,Jesus Turner,male
1239,Jennifer,Scott,Jennifer Scott,female
1289,Renee,Gibson,Renee Gibson,female
1478,Nicholas,Mccann,Nicholas Mccann,male
1486,Dana,Hayes,Dana Hayes,female
1809,Jeffrey,Hill,Jeffrey Hill,male
1354,Theresa,Evans,Theresa Evans,female
1044,Shannon,Adams,Shannon Adams,female
1527,James,Williams,James Williams,male
